job_id,reason,detail,company,title,url
cutshort-khzRryTC,filter_description,"job lacks any required primary skill (react, react.js, reactjs, node, node.js)",eQuestever LLC,Senior AI Engineer / AI Architect (Part-Time),https://cutshort.io/job/Senior-AI-Engineer-AI-Architect-Part-Time-eQuestever-LLC-khzRryTC
cutshort-khzRryTC,filter_description,"job lacks any required primary skill (react, react.js, reactjs, node, node.js)",eQuestever LLC,Senior AI Engineer / AI Architect (Part-Time),https://cutshort.io/job/Senior-AI-Engineer-AI-Architect-Part-Time-eQuestever-LLC-khzRryTC
cutshort-khzRryTC,filter_description,"job lacks any required primary skill (react, react.js, reactjs, node, node.js)",eQuestever LLC,Senior AI Engineer / AI Architect (Part-Time),https://cutshort.io/job/Senior-AI-Engineer-AI-Architect-Part-Time-eQuestever-LLC-khzRryTC
cutshort-khzRryTC,filter_description,"job lacks any required primary skill (react, react.js, reactjs, node, node.js)",eQuestever LLC,Senior AI Engineer / AI Architect (Part-Time),https://cutshort.io/job/Senior-AI-Engineer-AI-Architect-Part-Time-eQuestever-LLC-khzRryTC
cutshort-khzRryTC,filter_description,"job lacks any required primary skill (react, react.js, reactjs, node, node.js)",eQuestever LLC,Senior AI Engineer / AI Architect (Part-Time),https://cutshort.io/job/Senior-AI-Engineer-AI-Architect-Part-Time-eQuestever-LLC-khzRryTC
cutshort-khzRryTC,filter_description,"job lacks any required primary skill (react, react.js, reactjs, node, node.js)",eQuestever LLC,Senior AI Engineer / AI Architect (Part-Time),https://cutshort.io/job/Senior-AI-Engineer-AI-Architect-Part-Time-eQuestever-LLC-khzRryTC
cutshort-khzRryTC,filter_description,"job lacks any required primary skill (react, react.js, reactjs, node, node.js)",eQuestever LLC,Senior AI Engineer / AI Architect (Part-Time),https://cutshort.io/job/Senior-AI-Engineer-AI-Architect-Part-Time-eQuestever-LLC-khzRryTC
cutshort-khzRryTC,filter_description,"job lacks any required primary skill (react, react.js, reactjs, node, node.js)",eQuestever LLC,Senior AI Engineer / AI Architect (Part-Time),https://cutshort.io/job/Senior-AI-Engineer-AI-Architect-Part-Time-eQuestever-LLC-khzRryTC
cutshort-khzRryTC,filter_description,"job lacks any required primary skill (react, react.js, reactjs, node, node.js)",eQuestever LLC,Senior AI Engineer / AI Architect (Part-Time),https://cutshort.io/job/Senior-AI-Engineer-AI-Architect-Part-Time-eQuestever-LLC-khzRryTC
cutshort-khzRryTC,filter_description,"job lacks any required primary skill (react, react.js, reactjs, node, node.js)",eQuestever LLC,Senior AI Engineer / AI Architect (Part-Time),https://cutshort.io/job/Senior-AI-Engineer-AI-Architect-Part-Time-eQuestever-LLC-khzRryTC
cutshort-khzRryTC,filter_description,"job lacks any required primary skill (react, react.js, reactjs, node, node.js)",eQuestever LLC,Senior AI Engineer / AI Architect (Part-Time),https://cutshort.io/job/Senior-AI-Engineer-AI-Architect-Part-Time-eQuestever-LLC-khzRryTC
cutshort-khzRryTC,filter_description,"job lacks any required primary skill (react, react.js, reactjs, node, node.js)",eQuestever LLC,Senior AI Engineer / AI Architect (Part-Time),https://cutshort.io/job/Senior-AI-Engineer-AI-Architect-Part-Time-eQuestever-LLC-khzRryTC
cutshort-khzRryTC,filter_description,"job lacks any required primary skill (react, react.js, reactjs, node, node.js)",eQuestever LLC,Senior AI Engineer / AI Architect (Part-Time),https://cutshort.io/job/Senior-AI-Engineer-AI-Architect-Part-Time-eQuestever-LLC-khzRryTC
cutshort-khzRryTC,filter_description,"job lacks any required primary skill (react, react.js, reactjs, node, node.js)",eQuestever LLC,Senior AI Engineer / AI Architect (Part-Time),https://cutshort.io/job/Senior-AI-Engineer-AI-Architect-Part-Time-eQuestever-LLC-khzRryTC
cutshort-L29Hi7YX,filter_description,"job lacks any required primary skill (react, react.js, reactjs, node, node.js)",FibrAI,Product Engineer,https://cutshort.io/job/Product-Engineer-Bengaluru-Bangalore-FibrAI-L29Hi7YX
cutshort-L29Hi7YX,filter_description,"job lacks any required primary skill (react, react.js, reactjs, node, node.js)",FibrAI,Product Engineer,https://cutshort.io/job/Product-Engineer-Bengaluru-Bangalore-FibrAI-L29Hi7YX
cutshort-L29Hi7YX,filter_description,"job lacks any required primary skill (react, react.js, reactjs, node, node.js)",FibrAI,Product Engineer,https://cutshort.io/job/Product-Engineer-Bengaluru-Bangalore-FibrAI-L29Hi7YX
cutshort-L29Hi7YX,filter_description,"job lacks any required primary skill (react, react.js, reactjs, node, node.js)",FibrAI,Product Engineer,https://cutshort.io/job/Product-Engineer-Bengaluru-Bangalore-FibrAI-L29Hi7YX
cutshort-L29Hi7YX,filter_description,"job lacks any required primary skill (react, react.js, reactjs, node, node.js)",FibrAI,Product Engineer,https://cutshort.io/job/Product-Engineer-Bengaluru-Bangalore-FibrAI-L29Hi7YX
cutshort-L29Hi7YX,filter_description,"job lacks any required primary skill (react, react.js, reactjs, node, node.js)",FibrAI,Product Engineer,https://cutshort.io/job/Product-Engineer-Bengaluru-Bangalore-FibrAI-L29Hi7YX
